{
  "name": "baseline_synth_45k_yolov10n_img512_e60_s42_85237",
  "train_data": "data/yolo/synthetic_aircraft/data.yaml",
  "eval_data": "data/yolo/real_aircraft/data.yaml",
  "epochs": 60,
  "imgsz": 512,
  "batch": 64,
  "seed": 42,
  "augmentation": "default",
  "metrics": {
    "mAP50": 0.38852170656962165,
    "mAP50-95": 0.23083847451017206,
    "precision": 0.6409959748667933,
    "recall": 0.3542278332354668
  }
}