{
  "name": "expC_10pct_real_10k_ml",
  "train_data": "data/yolo/mixed_syn10k_real10pct/data.yaml",
  "eval_data": "data/yolo/mixed_syn10k_real10pct/data.yaml",
  "epochs": 30,
  "imgsz": 512,
  "batch": 32,
  "seed": 42,
  "augmentation": "default",
  "metrics": {
    "mAP50": 0.9686701621130579,
    "mAP50-95": 0.7940578455985329,
    "precision": 0.9659427756854487,
    "recall": 0.9231280755419604
  }
}