{
  "name": "expC_5pct_real_10k_ml",
  "train_data": "data/yolo/mixed_syn10k_real5pct/data.yaml",
  "eval_data": "data/yolo/mixed_syn10k_real5pct/data.yaml",
  "epochs": 30,
  "imgsz": 512,
  "batch": 32,
  "seed": 42,
  "augmentation": "default",
  "metrics": {
    "mAP50": 0.9688269980917708,
    "mAP50-95": 0.7939195801599996,
    "precision": 0.9670367103554328,
    "recall": 0.9245085602067158
  }
}