{
  "name": "rtdetr_l_10k_ml",
  "weights": "runs/rtdetr_l_10k/weights/best.pt",
  "coco_gt": "data/real/annotations/instances_test_aircraft.json",
  "n_images": 2710,
  "n_detections": 813000,
  "metrics": {
    "AP@[.5:.95]": 0.1574522659046995,
    "AP@.5": 0.29727300096520326,
    "AP@.75": 0.1538795540875214,
    "AP_small": 0.1462081088777921,
    "AP_medium": 0.22963448570584694,
    "AP_large": 0.08073835562694613,
    "AR@1": 0.09845860246623607,
    "AR@10": 0.23342630651790958,
    "AR@100": 0.3076042278332355,
    "AR_small": 0.3972320376914017,
    "AR_medium": 0.36007462686567165,
    "AR_large": 0.10208588957055213
  }
}