{
  "name": "rtdetr_l_10k_ml",
  "weights": "runs/rtdetr_l_10k/weights/best.pt",
  "coco_gt": "data/real/annotations/instances_test_aircraft.json",
  "n_images": 2710,
  "n_detections": 813000,
  "metrics": {
    "AP@[.5:.95]": 0.26958270332541884,
    "AP@.5": 0.48855122288103525,
    "AP@.75": 0.26654062603028866,
    "AP_small": 0.23843525855002654,
    "AP_medium": 0.334856396949225,
    "AP_large": 0.22207750052197656,
    "AR@1": 0.144539048737522,
    "AR@10": 0.3389019377568996,
    "AR@100": 0.3989136817381092,
    "AR_small": 0.45706713780918734,
    "AR_medium": 0.4412456946039035,
    "AR_large": 0.2478527607361963
  }
}