{
  "name": "final_yolov10n_syn45k_noise_real25pct_img320_hsvA1_ml",
  "recipe": {
    "architecture": "yolov10n.pt",
    "synthetic_base": "data/yolo/synthetic_aircraft",
    "synthetic_after_expB": "data/yolo/final_syn45k_b2_noise",
    "mixed_dataset": "data/yolo/final_mixed_syn45k_noise_real25pct",
    "real_fraction": 0.25,
    "imgsz": 320,
    "epochs": 60,
    "batch": 64,
    "seed": 42,
    "noise_sigma": 8.0,
    "hsv_h": 0.015,
    "hsv_s": 0.4,
    "hsv_v": 0.3
  },
  "motivation": {
    "C": "mixed training was the strongest intervention in RAPORT.md",
    "D": "imgsz=320 was best in the scale sweep",
    "B": "noise-only helped; blur variants did not",
    "A": "weak HSV was the best photometric setting"
  },
  "mixed_val_metrics": {
    "mAP50": 0.9233723674713248,
    "mAP50-95": 0.6959486817865035,
    "precision": 0.9495009441855248,
    "recall": 0.8657213008139262
  },
  "real_holdout_metrics": {
    "AP@[.5:.95]": 0.6332258559330259,
    "AP@.5": 0.9030879154977324,
    "AP@.75": 0.7459000043809982,
    "AP_small": 0.5616054694010512,
    "AP_medium": 0.6178800894767806,
    "AP_large": 0.7522733071911054,
    "AR@1": 0.2892248972401644,
    "AR@10": 0.6745596007046389,
    "AR@100": 0.7479594832648268,
    "AR_small": 0.6670789163722026,
    "AR_medium": 0.7430826636050517,
    "AR_large": 0.842638036809816
  },
  "comparison": {
    "best_measured_expC_25pct_img512": {
      "AP@[.5:.95]": 0.7120271087490335,
      "AP@.5": 0.9465769553819696,
      "AP@.75": 0.84210936031103,
      "AP_small": 0.6364900530746371,
      "AP_medium": 0.697448578106969,
      "AP_large": 0.8166136122161296,
      "AR@1": 0.31379917792131534,
      "AR@10": 0.7190399295361127,
      "AR@100": 0.7822372284204345,
      "AR_small": 0.7216136631330977,
      "AR_medium": 0.7719575200918485,
      "AR_large": 0.867361963190184
    },
    "real_to_real_upper_reference": {
      "AP@[.5:.95]": 0.8072505241736603,
      "AP@.5": 0.9737123688590739,
      "AP@.75": 0.9146982087651043,
      "AP_small": 0.7586041368854294,
      "AP_medium": 0.7824586487400031,
      "AP_large": 0.8991032043345685,
      "AR@1": 0.3469759248385202,
      "AR@10": 0.7895625366999413,
      "AR@100": 0.8465355255431591,
      "AR_small": 0.8064193168433451,
      "AR_medium": 0.8260332950631458,
      "AR_large": 0.9321472392638036
    }
  },
  "benchmark": {
    "name": "final_yolov10n_syn45k_noise_real25pct_img320_hsvA1_ml",
    "weights": "runs/final_yolov10n_syn45k_noise_real25pct_img320_hsvA1_ml/weights/best.pt",
    "imgsz": 320,
    "n_images": 256,
    "elapsed_s": 2.539962304988876,
    "fps": 100.78889733803399,
    "batch": 32,
    "device": "0",
    "peak_cuda_memory_mb": 1340.7255859375
  }
}